CODIGO;DESCRIPCION;EXISTENCIA;PRECIO
04311-12080N;KIT REP. CENTRAL CLUCHT 5/8 TOYOTA 89-95;441.00;20.00
04311-12080Y;KIT CENTRAL CLUCHT 5/8 TOYOTA 89-95 Y;4.00;37.00
04311-20050N;KIT REP. CENTRAL DE CLUCHT TOY 5/8;439.00;15.00
04311-20050Y;KIT CENTRAL DE CLUCHT TOY 5/8Y;2.00;29.00
04313-30050Y;KIT REP. BOM.AUXILIAR DE CLUTCH TOYOTA HILUX 3/4;4.00;21.00
04313-36020N;KIT REP. AUXILIAR CLUCHT 13/16 TOYOTA =04313-30100;447.00;12.00
04313-36020Y;KIT REP. AUXILIAR CLUCHT 13/16 TOYOTA=04313-30100;1.00;20.00
04493-14050;KIT REP. BOMBA CENTRAL FRENO 13-16 TYT HI-LUX;4.00;115.00
04493-35050FV;KIT REP. BOMBA C.FRENOS 15-16 HILUX 78--;1.00;65.00
04493-35290;KIT CENTRAL FRENO 1 TOYOTA 89-;8.00;89.00
12303-67021N;CARGADOR DE MOTO HI-ACE 5L 92-05;28.00;105.00
12305-27040N;CARGADOR DE MOTOR RAV4 94-00 2.0 01-05 12362-74392;43.00;200.00
12305-28060N;CARGADOR DE MOTOR  RAV4 96-00 DEL.DER.;17.00;285.00
12305-28230N;CARGADOR DE MOTOR RAV 4 2.4L 06-DEL. DER.;17.00;265.00
12361-0C021N;CARGADOR DE MOTOR HILUX VIGO 05- 12361-0C021/12361-0C010;42.00;70.00
12361-0D050;CARGADOR DE MOTOR COROLLA;1.00;95.00
12361-21020N;CARGADOR DE MOTOR RAV 4 01-05 DEL.;33.00;100.00
12361-28060N;CARGADOR DE MOTOR  TYT CAMRY 07-11 12309-28161 12361-28060 ;45.00;65.00
12361-28230N;CARGADOR DE MOTOR RAV4 2.4L 06-08;39.00;105.00
12361-35050;CARGADOR DE MOTOR DE 22R;23.00;55.00
12361-38060N;CARGADOR DE MOTOR TOYOTA PICK -UP 2WD 84-89;142.00;56.00
12361-39018N;CARGADOR DE MOTOR TOYOTA PICK-UP 72-83;38.00;65.00
12361-54020N;CARGADOR DE MOTOR DEL. HILUX RN30 78-81;46.00;65.00
12361-54120N;CARGADOR DE MOTOR HILUX 4WD LN 65-88 LATERAL R/L;24.00;55.00
12361-54140N;CARGADOR DE MOTOR R/L HILUX, HIACE, LN40 88-93;32.00;55.00
12361-65010N;CARGADOR DE MOTOR HILUX 90-95,TACOMA 2.4L 95-04 2WD;74.00;90.00
12371-21020N;CARGADOR DE MOTOR COROLLA , YARIS 00-05 TRASERO;37.00;130.00
12371-28020N;CARGADOR DE MOTOR RAV 4 01-05 TRAS. TUERCA;39.00;155.00
12371-28190N;CARGADOR DE MOTOR RAV4 2.4L 06- TRAS. DER.;39.00;190.00
12371-31020N;CARGADOR DE  CAJA PICK-UP 76-78;44.00;103.00
12371-35030N;CARGADOR DE CAJA, LAND CRUISER BJ70 12371-35030 NEXG.;49.00;125.00
12371-35050N;CARGADOR DE CAJA 4RUNNER 86-94 ,PICK-UP 22R 86-9512371-35050 NEXG.;2.00;131.00
12371-54050N;CARGADOR DE CAJA 4WD RN50 84-89 NEXG.;61.00;125.00
12372-0H180N;CARGADOR DE MOTOR RAV 4 06-;28.00;220.00
12372-23010N;CARGADOR DE MOTOR YARIS 00-05 IQZ. INFERIOR;38.00;90.00
12372-28031N;CARGADOR DE MOTOR RAV4 TRANS AUTOMATICA IZQ. 01-05 (12372-28041);40.00;200.00
16571-33011;MANGUERA RADIADOR TOYOTA INF. 22R JD4560;12.00;39.00
16571-33011N;MANGUERA RADIADOR TOYOTA INF. 22R JD4560;209.00;39.00
16572-35060N;MANGUERA PARA RADIADOR TOYOTA 22R INFERIOR JDA0138;232.00;29.00
16573-38020;MANGUERA DE RADIADOR TOYOTA HI-LUX 89- ABAJO;20.00;29.00
16573-38020N;MANGUERA DE RADIADOR TOYOTA HI-LUX 89- ABAJO;402.00;29.00
17228-PNE-G00N;MANGUERA PASO DE AIRE CR-V 02-04;71.00;75.00
17881-0D040;MANGUERA PASODE AIRE TOYOTA VIGO Y COROLLA;3.00;85.00
17881-15180;MANGUERA PARA PASO DE AIRE AGUJERO GRANDE TYT COROLLA 93-97;1.00;95.00
17881-54200;MANGUERA DE FLUJO AIRE TOY PICK-UP 2L;2.00;140.00
17881-54410;MANGUERA PASO DE AIRE TOY PICK-UP 3L 88-97;5.00;160.00
17881-65020;MANGUERA PASO DE AIRE TOY PICK-UP 3VZ;9.00;70.00
17881-65020N;MANGUERA  PASO DE AIRE TOYOTA TACOMA 3VZ, V6 84-95;73.00;70.00
19100-35180;DISTRIBUIDOR TYT 22R 85-90;2.00;520.00
19100-35180N;DISTRIBUIDOR TYT 22R 85-90 INYECTADO;27.00;485.00
212-1501A;LAMPARA DE LODERA  RN30 79-83 AMARILLO;27.00;20.00
212-1501R;LAMPARA DE LODERA  RN30 79-83 ROJA;11.00;20.00
212-1612L;LAMPARA DE BOMPER IZQUIERDA 22R 84-88;7.00;29.00
212-1612LN;LAMPARA DE BOMPER IZQUIERDA 22R 84-88 NEXG.;41.00;23.00
212-1612R;LAMPARA DE BOMPER DERECHA 22R 84-88;7.00;29.00
212-1612RN;LAMPARA DE BOMPER DERECHA 22R 84-88 NEXG.;47.00;23.00
212-1638LN;LAMPARA DE BOMPER IZQUIERDA 22R 89-95 NEXG.;52.00;27.00
212-1638RN;LAMPARA DE BOMPER DERECHA 22R 89-95 NEXG.;47.00;27.00
212-1914L;LAMPARA TRASERA 22R IZQUIERDA 84-89;19.00;83.00
212-1914LN;LAMPARA TRASERA 22R IZQUIERDA 84-89 NEXG.;238.00;56.00
212-1914R;LAMPARA TRASERA 22R DERECHA 84-89;20.00;83.00
212-1914RN;LAMPARA TRASERA 22R DERECHA 84-89 NEXG.;241.00;56.00
212-1945LN;LAMPARA TRASERA 22R IZQUIERDA  89-95 NEXG.;17.00;56.00
212-1945RN;LAMPARA TRASERA 22R DERECHA 89-95 NEXG.;15.00;56.00
21501-01A00;MANGUERA RAD. NISSAN SENTRA B11 ARRIBA;1.00;25.00
22231-35030MB;MANGUERA PARA PASO DE AIRE TOYOTA 22R;1.00;75.00
22251-35030N;MANGUERA PARA PASO DE AIRE TOYOTA 22R;60.00;75.00
24-82114;POLEA ALTERNADOR TOY;1.00;305.00
27060-35060N;ALTERNADOR 22R REDONDO NEXG.;32.00;550.00
27060-35160N;ALTERNADOR 22R OVALADO NEXG.;28.00;550.00
30611-N4025;KIT REP. BOM. CENTRAL DE CLUTCH NISSAN DATSUN 5/8;3.00;35.00
30621-08025;KIT REP. BOM. AUXILIAR DE CLUTCH NISSAN DATSUN 3/4;3.00;17.00
31100-RAA-A01N;ALTERNADOR CR-V 07-11 , CIVIC 06-11;11.00;1235.00
312-1501-1L;LAMPARA DE ESQUINA 22R 89- 2WD CROMADA IZQUIERDA;12.00;110.00
312-1501-1R;LAMPARA DE ESQUINA 22R 89- 2WD CROMADA DERECHA;10.00;110.00
312-1510-1L;LAMPARA DE ESQUINA 22R 92-95 4WD CROMADA IZQUIERDA;12.00;120.00
312-1510-1R;LAMPARA DE ESQUINA 22R 92-95 4WD CROMADA DERECHA;12.00;120.00
312-1512L-2;LAMPARA ESQUINA IZQUIERDA 22R AMBAR M/N;23.00;72.00
312-1512R-2;LAMPARA ESQUINA DERECHA 22R AMBAR M/N;21.00;72.00
312-1512RLN;LAMPARA ESQUINA 22R PAR (R/L);142.00;70.00
312-1515L;LAMPARA DE ESQUINA TACOMA 4WD CROMO 95-07 IZQUIERDA;4.00;148.50
312-1515R;LAMPARA DE ESQUINA TACOMA 4WD CROMO 95-07 DERECHA;4.00;148.50
312-1527L;LAMPARA DE ESQUINA TACOMA 2WD -97 IZQUIERDA;1.00;119.00
312-1527R;LAMPARA DE ESQUINA TACOMA 2WD -97 DERECHA;2.00;119.00
312-1534L;LAMPARA DE ESQUINA TACOMA 2WD/4WD  98-00 IZQUIERDA;2.00;130.00
312-1534R;LAMPARA DE ESQUINA TACOMA 2WD/4WD  98-00 DERECHA;2.00;130.00
312-1913L;LAMPARA TRASERA TACOMA 2WD/4WD 95-00 IZQUIERDA;2.00;250.00
312-1913R;LAMPARA TRASERA TACOMA 2WD/4WD 95-00 DERECHA;2.00;250.00
31410-35090N;BOMBA CENTRAL CLUTCH 5/8 TOY 22R 84-88;258.00;110.00
31410-35140;BOMBA C. CLUTCH 5/8 TOY 22R 79- (31410-35090);42.00;110.00
31410-35250;BOMBA CENTRAL DE CLUTCH 5/8 22R 89-95;43.00;110.00
31410-35250N;BOMBA CENTRAL DE CLUTCH 5/8 22R 89-95;174.00;110.00
31410-60050 Y;BOMBA C. CLUTCH 3/4 TOY. LAND CRUISER 81- YUHOLI;2.00;157.00
31420-1410N;"BOMBA.CENTRAL.CLUTCH. 3/4"" HNO FF DE RODADO NEXG.";82.00;170.00
31420-1512N;"BOMBA.CENTRAL.CLUTCH. 3/4"" HNO FB/FC AGENCIA Y RODADO 10.4T MFD 90-";15.00;167.00
31470-1040N;BOMBA AUX CLUTCH 7/8 HNO FF RODADO NEXG.;142.00;125.00
31470-30220N;BOMBA AUX. CLUTCH 13/16 TOYOTA HILUX 84-;84.00;70.00
31470-30220Y;BOMBA AUXILIAR 13/16 TOYOTA HILUX 84- YUHOLI;1.00;70.00
31470-35050;BOMBA AUX. CLUTCH 13/16 TOY 22R;37.00;75.00
31470-35050N;BOMBA AUX. CLUTCH 13/16 TOY 22R NEXG.;229.00;70.00
31470-35050Y;BOMBA AUX. CLUTCH 13/16 TOY 22R YUHOLI;2.00;75.00
37230-0K020;SOPORTE DE TRANSMISION  TOYOTA VIGO 2WD,4WD 04-;7.00;120.00
37230-35030;SOPORTE DE TRANSMISION TOYOTA PICK UP WD 79-;9.00;99.00
37230-35050;SOPORTE TRANSMISION TOYOTA PICK UP 2WD 84-;22.00;95.00
37230-35080;SOPORTE DE TRANSMISION  TOY 4WD 83-;5.00;150.00
37521-01W25;SOPORTE DE TRASMICION NISSAN 720 80-86;3.00;96.00
37521-33G25;SOPORTE DE TRASMICION NISSAN PICK UP D21 88-96;2.00;96.00
37521-W1027;SOPORTE DE TRASMICION NISSAN D21 80-94;4.00;98.00
41100-B9600Y;BOMBA AUX. F.1 DAT. PICKUP DEL DERECHA YUHOLY;2.00;87.00
41101-B9600;"BOMBA AUXILIAR DE FRENO 1"" DATSUN PICK-UP DEL. DERECHA YUHOLI";1.00;87.00
41102-B9600 Y;"BOMBA AUX. FRENO 1"" DAT.PICKUP DEL. IZQUIE. YUHOLI";1.00;105.00
41103-B9600;"BOMBA AUXILIAR DE FRENO 1"" DATSUN PICK-UP DEL. IZQ";1.00;87.00
41110-10-41N;CORONA Y PIÑON RELACION 10-41 80181;113.00;660.00
41110-10-43N;CORONA Y PIÑON RELACION 10-43 80204;6.00;660.00
41110-9-41;CORONA Y PIÑON RELACION 9-41 29536;5.00;730.00
41110-9-41N;CORONA Y PIÑON RELACION 9-41 29536;129.00;660.00
44610-04040;"BOSTER TACOMA 95-01 9"" 2WD,4WD 4 TOR";2.00;570.00
44610-04040N;"BOSTER TACOMA 95-01 9"" 2WD,4WD 4 TOR NEXG.";4.00;485.00
44610-04100;BOSTER TYT TACOMA 5VZ 01-04 2TOR;1.00;523.00
44610-0K020;BOSTER TOYOTA HILUX VIGO 10 1/2;5.00;510.00
44610-26710;"BOSTER TOYOTA HIACE TURBO 05- 10 1/2""";2.00;495.00
44610-35680N;"BOSTER TOYOTA 22R 84-92 8"" NEXG.";100.00;306.00
44610-3D091N;"BOSTER TOYOTA 22R 89-97  9"" NEXG.";58.00;312.00
44610-3D730;"BOSTER TOYOTA HILUX 9"" DEL 97-1 DOS TORNILLOS";2.00;465.00
44610-3D730N;"BOSTER TOYOTA HILUX 9 1/2"" DEL 97-1 DOS TORNILLOS NEXG.";16.00;405.00
44610-3D770;"BOSTER TOYOTA HILUX  98-2001 9"" DOS TORNILLOS";2.00;510.00
44610-3D770N;"BOSTER TOYOTA HILUX  98-2001 8 1/2"" DOS TORNILLOS NEXG.";29.00;455.00
45451-39145;VARILLA CENTRAL 22R 4WD;4.00;215.00
45451-39145N;VARILLA CENTRAL 22R  4WD;29.00;215.00
46010-R9000N;BOMBA CENTRAL  FRENO 15/16 URVAN 82-86 DER. F.;45.00;315.00
46010-VW001N;BOMBA CENTRAL  FRENO 1 URVAN 01-10;36.00;296.00
46100-S9A-A01N;BOMBA CENTRAL FRENO 15/16 CR-V 02-04 NEXG.;88.00;296.00
47201-35210N;BOMBA CENTRAL DE FRENOS 7/8 22R NEXG.;63.00;270.00
47201-35670D;"BOMBA C. FRENO 1"" TOY. HILUX RUN V6 89-";7.00;270.00
47201-35670NG;BOMBA CENTRAL FRENO  TOY. HILUX RUN V6 89-;81.00;260.00
47201-36400N;BOMBA CENTRAL FRENO  1 1/8 COASTER 93-;7.00;315.00
47210-13G01N;"BOSTER NISSAN PICK-UP 90-04 9"" NEXG.";17.00;510.00
47210-42G04;"BOSTER NISSAN PICK-UP D21 91-94 9""";3.00;580.00
47210-42G04N;"BOSTER NISSAN PICK-UP D21 91-94 9""";16.00;510.00
47510-36170N;BOMBA AUX. FRENO 1 1/8 COASTER 2001 DER.CON GRIFO;42.00;125.00
47520-36180N;BOMBA AUX FRENO 1 1/8 COASTER 2001 IZQ.;40.00;125.00
47530-36170N;BOMBA. AUX. FRENO.1 1/8 COASTER IZQ CON GRIFO;45.00;125.00
47540-36180N;BOMBA AUX. FRENO 1 1/8 COASTER DER. NEXG.;94.00;125.00
47550-16030Y;BOMBA AUX. FRENO 11/16 TOYOTA TERCEL 82- DERECHA;2.00;66.00
47550-20120N;BOMBA AUX.FRENO 11/16 DER. COROLLA Y TERCEL;27.00;60.00
47550-35170N;BOMBA AUX. FRENO7/8 TOY HI-LUX RUNN 4WD 89 NEXG.;63.00;70.00
47550-36200N;BOMBA AUX FRENO 1 1/8 COASTER TRAS. HZB50 DER. CON GRIFO NEXG.;102.00;125.00
47550-39115N;BOMBA AUX DE FRENO TOY 22R 7/8 83- RESORTADO 2WD 4WD NEXG.;128.00;68.00
47550-39275N;BOMBA AUX. FRENO TOY 22R 7/8 79-94;120.00;70.00
47550-39275NEXG;BOMBA AUX. FRENO TOY 22R 7/8 EMP. ANILLO;125.00;45.00
47550-39275Y;BOMBA AUX. FRENO TOY 22R 7/8;48.00;70.00
47560-36200N;BOMBA AUX.DE FRENO 1 1/8 COASTER/TRASERA HZ850 DER. NEXG.;99.00;125.00
47570-16010N;BOMBA AUXI.FRENO 11/16 IZQ. COROLLA Y TERCEL NEXG.;57.00;60.00
47570-36200N;"BOMBA AUX. FRENO 1 1/8"" TRAS. COASTER HZ850 IZQ. CON GRIFO";96.00;125.00
47580-36200N;"BOMBA  AUX. FRENO 1 1/8"" TRAS. COASTER HZB50 IZQ. NEXG.";102.00;125.00
48306-35040A;SOPORTE CHASIS TOYOTA HILUX TRASERO 79-;2.00;65.00
50805-S9A-982N;CARGADOR DE MOTOR CR-V 02-07 NEXG.;33.00;145.00
50810-S7D-003N;CARGADOR DE MOTOR CR-V 2.4L 02-06 DEL. DER. NEXG.;56.00;155.00
50821-S9A-013N;CARGADOR DE MOTOR CR-V 2.4L 02-06 NEXG.;38.00;165.00
50850-SWA-A81N;CARGADOR DE MOTOR CR-V 07-11;3.00;250.00
50880-SWA-A81N;CARGADOR DE MOTOR CR-V 07-11 SUPERIOR DER.;10.00;190.00
50890-SWA-A81N;CARGADOR DE MOTOR  CR-V 07-11 INFERIOR DER. NEXG.;49.00;205.00
51920-SWA-A01N;BASE DE AMORTIGUADOR DEL. PARA CR-V 07-11 5 TOR.;6.00;100.00
53713-S9A-A03N;MANGUERA HIDRAULICA  RD5/RD7 CR-V 02-06 NEXG.;70.00;250.00
53713-SWA-A02N;MANGUERA HIDRAULICA RE4 CR-V 07- NEXG.;157.00;250.00
54-8235;BENDIX 9T CHAP. 22R;6.00;240.00
560840-S7C-980N;CARGADOR DE MOTOR CR-V 02-06 ALUM. AUTOM.;18.00;105.00
58320-45001N;BOMBA AUXI.FRENO TRAS. IZQ.C/G 1 1/8 28.58MM HY. COUNTY NEXG.;59.00;300.00
58320-45201N;BOMBA AUXI.FRENO TRAS. IZQ.1 1/8 28.58MM HY. COUNTY NEXG.;62.00;300.00
58420-45001N;BOMBA AUXI.FRENO TRAS.DER.C/G 1 1/8 28.58MM HY. COUNTY NEXG.;49.00;300.00
58420-45201N;BOMBA AUXI.FRENO TRAS.DER.1 1/8 28.58MM HY. COUNTY NEXG.;60.00;300.00
58620-5K500N;BOMBA  CENTRAL FRENO 1 3/16 COUNTY 58620-5K500(SL000) 98- NEXG.;102.00;500.00
67-703;SOLENOIDE 24V 4T;10.00;100.00
8-94328-799-0;SOPORTE DE TRANSMISION  ISUZU PICK-UP 4WD 88-93;8.00;134.00
8-94342428-1;BOSTER ISUZU PICK-UP 88-89 9;1.00;375.00
8-94342428-1N;"BOSTER ISUZU PICK-UP 88-89 9"" NEXG.";43.00;350.00
90923-06009;BAQUELITA BOMBA MECANICA GAS TOY 22R;7.00;10.00
90923-06009N;BAQUELITA BOMBA MECANICA GAS TOY 22R NEXG.;114.00;10.00
A-30D;FAJA A-30 DENTADA;14.00;25.00
A-31D;FAJA  A-31 DENTADA;15.00;25.50
A-32D;FAJA A-32 DENTADA;11.00;27.00
A-33D;FAJA A-33 DENTADA;1.00;27.50
A-34D;FAJA A-34 DENTADA;11.00;28.50
A-35D;FAJA A-35 DENTADA;12.00;29.00
A-36D;FAJA A-36 DENTADA;8.00;30.00
A-37D;FAJA A-37 DENTADA;11.00;30.50
A-38D;FAJA A-38 DENTADA;6.00;31.00
A-39D;FAJA A-39 DENTADA;14.00;32.00
A-40D;FAJA A-40 DENTADA;11.00;32.50
A-41D;FAJA A-41 DENTADA;7.00;33.00
A-42D;FAJA A-42 DENTADA;5.00;36.00
A-43D;FAJA A-43 DENTADA;5.00;35.50
A-44D;FAJA A-44 DENTADA;6.00;36.00
A-45D;FAJA  A-45 DENTADA;5.00;36.50
A-46D;FAJA  A-46 DENTADA;3.00;38.00
A-47D;FAJA A-47 DENTADA;14.00;39.00
A-48D;FAJA A-48 DENTADA;8.00;39.00
A-49D;FAJA A-49 DENTADA;7.00;40.00
A-50D;FAJA A-50 DENTADA;14.00;41.00
A-51D;FAJA A-51 DENTADA;8.00;40.00
A-52D;FAJA A-52 DENTADA;3.00;41.00
A-54D;FAJA A-54 DENTADA;2.00;42.00
ABP-10;ABRASADERA PLASTICA DE 10;800.00;0.30
ABP-10N;ABRASADERA PLASTICA DE 10 NEGRO;1400.00;0.30
ABP-12;ABRASADERA PLASTICA 12 BLANCA;1400.00;0.39
ABP-12N;ABRASADERA PLASTICA 12 NEGRA;1900.00;0.35
ABP-14;ABRASADERA PLASTICA  DE 14 BLANCA;400.00;0.66
ABP-15;ABRASADERA PLASTICA 15 GUARDAPOLVO;100.00;0.67
ABP-16N;"ABRASADERA PLASTICA 16"" NEGRA";500.00;0.50
ABP-18;ABRASADERA PLASTICA 18 GUARDAPOLVO;800.00;0.79
ABP-18G;"ABRASADERA PLASTICA DE 18"" GRUESA";100.00;1.20
ABP-18N;ABRASADERA PLASTICA 18 GUARDAPOLVO;500.00;0.79
"ABP-6""";"ABRASADERA PLASTICA 6""";2000.00;0.20
ABP-6N;ABRASADERA PLASTICA 6 NEGRA;2200.00;0.26
ABP-8;ABRASADERA PLASTICA 8;1700.00;0.28
ABP-8N;ABRASADERA PLASTICA 8 NEGRA;1700.00;0.28
ABRA-1;ABRASADERA GALVANIZADA 1;1.00;1.00
ABRA-1/2;ABRASADERA GALVANIZADA 1/2;1.00;1.00
ABRA-3 1/2;ABRASADERA GALVANIZADA 3 1/2;6.00;3.60
ABRA-4;ABRASADERA GALVANIZADA 4;82.00;4.00
ABRA-PMG;ABRASADERA METAL GRANDE GUARDAPOLVO;265.00;2.70
ABRA-PMP;ABRASADERA METAL PEQUEÑA GUARDAPOLVO;185.00;2.30
AL-9004M-55W-SW;BOMBILLA HALOGENA 9004 12V 65/45W SW;18.00;19.00
AL-9004M-65/45W;BOMBILLA HALOGENA 9004 12V 65/45W CLARA;6.00;15.00
AL-9005M;BOMBILLA HALOGENA 9005 12V 100W CLARA;24.00;18.50
AL-9005SWM;BOMBILLA HALOGENA 9005 12V 100W SUPER WHITE;10.00;24.00
AL-9006M;BOMBILLA HALOGENA 9006 12V 80W CLARA;25.00;18.50
AL-9006SWM;BOMBILLA HALOGENA 9006 12V 80W SUPER WHITE;21.00;24.00
AL-9007SWM;BOMBILLA HALOGENA 9007 12V 100/80W SUPER WHITE;14.00;20.00
AL-9007SWM-55/60W;BOMBILLA HALOGENA 9007 12V 55/65W SUPER WHITE;8.00;21.00
ALAR-CAR;ALARMA PARA CARRO C/PREIMPACTO Y ANTIASALTO;6.00;250.00
ALF-HG;ALFOMBRA JUEGO DE 4 PIEZAS HULE GRIS;1.00;100.00
AL-H3-55W;BOMBILLA HALOGENA H3 55W 12V;80.00;7.00
AL-H3M-100W;BOMBILLA HALOGENA H3 100W 12V;15.00;8.00
AL-H4MP;BOMBILLA H4 P43T 100/90 MILLER;20.00;19.00
AL-H4MPSW;BOMBILLA HALOGENA H4 P43T 12V 100/90W SUPER WHITE;20.00;21.50
AL-H7 M100WSW;BOMBILLA HALOGENA H7 MILHER 100W SUPER WHITE;6.00;14.50
AL-H8M;BOMBILLA HALOGENA H8 35W CLARA;19.00;15.00
AL-H8MSW;BOMBILLA HALOGENA H8 35W SUPER WHITE;3.00;18.00
AL-H9M;BOMBILLA HALOGENA H9 65W CLARA;48.00;15.00
AL-H9SW;BOMBILLA HALOGENA H9 65W SUPER WHITE;39.00;17.00
AMOR-332026;AMORTIGUADOR TRASERO SENTRA B-13 DERECHO;1.00;290.00
AMOR-332027;AMORTIGUADOR TRASERO SENTRA B-13 IZQ.;1.00;290.00
ANT-22RN;ANTENA SESGADA PARA TOY 22R NEGRO;7.00;29.00
B366-15-185A;MANGUERA RAD. MAZDA 323 90-ABAJO;1.00;44.00
BALIN-T02N;BALINERA BASE DE AMORTIGUADOR DEL. PARA  CR-V, CIVIC 95-05 51920-S5H-T02;16.00;45.00
BAR-A-21CM;BARRA AMARILLA 21CM #531;2.00;220.00
BAR-B/A-10CM-12L;BARRA DE 10CM BLANCA Y AMARILLA DE 12LED;32.00;75.00
BAR-B/A-31CM;BARRA LED BLACA Y AMARILLA 31CM #517;13.00;365.00
BAR-B/A-38CM;BARRA LED BLACA Y AMARILLA 38 #57;4.00;440.00
BAR-B/A-52CM;BARRA LED BLACA Y AMARILLA 52CM #028;2.00;600.00
BAR-B/A-80CM;BARRA BLANCA/AMARILLA CON CONTROL #256;4.00;950.00
BAR-B-55CM-150LED;BARRA LED DE 55CM TIPO ESTADIO A LOS  LADOS;1.00;450.00
BAR-GM-59CM;BARRA LED GEL 59CM MULTIFUNCION #80076;1.00;285.00
BAR-GM-73CM;BARRA LED GEL 73CM MULTIFUNCION #80083;3.00;352.00
BAR-GM-88CM;BARRA LED GEL 88CM MULTIFUNCION #80090;3.00;466.00
BARRA-24L;BARRA DE ALTA INTENCIDAD DE 24 LED;3.00;170.00
BARRA-L10CM;BARRA DE 10CM LARGO ALTA INTENCIDAD;29.00;60.00
BARR-L35cm;BARRA LED 35cm DE LARGO ALTA INTENCIDAD;2.00;249.00
BAR-S-18CM;BARRA LED SLIM 18CM LINGOTE COLORES;1.00;100.00
BAS-SIL1709L;BASE DE SILVIN DE 22R IZQUIERDO;23.00;63.00
BAS-SIL1709R;BASE DE SILVIN DE 22R DERECHO;14.00;63.00
BG-41654;BOMBA MECANICA GAS TOY 22R;5.00;118.00
BOC-3T;BOCINA DE 3 TONOS CON CONTROL 30W;6.00;45.00
BOC-C;BOCINA CARACOL 12V KIT 2PZ;3.00;54.00
BOC-DC;BOCINA DISCO 12V CROMADA BLISTER;24.00;33.00
BOM-1034-12V;BOMBILLA 2 CONT (1034) 12V;2020.00;1.10
BOM-1073-12V;BOMBILLA 1 CONT (1073) 12V 32CP;2230.00;1.10
BOM-158-12V;BOMBILLA DE PESCADITO CLARA 12V;1459.00;0.70
BOM-158l-7C;BOMBILLA LED BLISTER 7COLORES CABEZA PLANA;2.00;8.00
BOM-158L-B;BOMBILLA LED BLISTER 158 BLANCO;17.00;7.00
BOM-158L-R;BOMBILLA LED BLISTER ROJA CABEZA PLANA;71.00;7.00
BOM-158L-Z;BOMBILLA LED BLISTER CABEZA PLANA AZUL;51.00;7.00
BOM-3156;BOMBILLA DE 1 CONTACTO CLARA VIBRIO Y PLASTICO;60.00;6.00
BOM-3156R;BOMBILLA 1 CONTACTO ROJO VIDRIOY PLASTICO;40.00;6.00
BOM-3156Z;BOMBILLA 1 CONTACTO AZUL VIDRIO Y PLASTICO;40.00;6.00
BOM-53;BOMBILLA LAMP. 53 12V 3W;97.00;0.90
BOM-57;BOMBILLA LAMP 57 12V 3W;30.00;0.80
BOM-67-12;BOMBILLA 1 CONTACTO MEDIANA 67 12V;1500.00;0.90
BOM-CHIP-CONT;BOMBILLA LED TIPO CHIP MULTI COLOR CON CONTROL;89.00;50.00
BOM-T20-1;BOMBILLA-T20-1 CONTACTOS;100.00;6.00
BOM-T20-2;BOMBILLA-T20-2 CONTACTOS;130.00;6.00
BP4K-28-170DN;CABEZAL ESTABILIZADOR MAZDA 3 03-11 TRAS. R/L BP4K-28-170D;56.00;60.00
BP4K-34-170DN;CABEZAL ESTABILIZADOR MAZDA 3 DELANTERO 03 DEL R/L SL-1650;44.00;68.00
BRAZ-22R;BRAZO PARABRISAS ATORNILLADO TOYOTA  PAR;12.00;70.00
CAB-12NC;CABLE ELECTRICO COBRE 100%  100PIES  #12 NEGRO;1.00;213.00
CAB-12RC;CABLE ELECTRICO COBRE 100%  100PIES  #12 ROJO;4.00;213.00
CAB-14NC;CABLE ELECTRICO COBRE 100%  100PIES #14NEGRO;13.00;145.00
CAB-14R;CABLE No. 14 ROJO ROLLO DE 100 PIES;1.00;46.20
CAB-14RC;CABLE ELECTTRICO COBRE 100% 100PIES #14ROJO;5.00;145.00
CAB-16NC;CABLE ELECTRICO COBRE 100% 100PIES #16 NEGRO;17.00;92.00
CAB-16RC;CABLE ELECTRICO COBRE100% 100PIES #16 ROJO;6.00;92.00
CAB-18NC;CABLE No. 18 NEGRO ROLLO DE 100 PIES;5.00;71.00
CAB-18RC;CABLE No. 18 ROJO ROLLO DE 100 PIES;5.00;71.00
CAB-BATC-N;CABLE PARA BATERIA 100% COBRE COLOR NEGRO (PIE);92.00;27.00
CAB-BATC-N24V;CABLE PARA BATERIA COLOR NEGRO 24VOLTIOS (PIE);35.00;63.00
CAB-BOC;CABLE PARA BOCINA;4.00;140.00
CAB-CNEGAT24;"CABLE NEGATIVO DE CARRO NEGRO 24""";7.00;44.00
CAB-CNEGAT50;"CABLE NEGATIVO DE CARRO NEGRO 50""";4.00;56.00
CAB-CPOSIT20;"CABLE POSITIVO DE CARRO ROJO 20""";1.00;39.00
CAB-CPOSIT24;"CABLE POSITIVO DE CARRO ROJO 24""";7.00;44.00
CAB-CPOSIT50;"CABLE POSITIVO DE CARRO ROJO 50""";1.00;56.00
CAB-PAS 2000;JUEGO DE CABLES PASA CORRIENTE DE 2000AMP;5.00;150.00
CAB-PAS 3000;JUEGO DE CABLES PASA CORRIENTE DE 3000AMP;5.00;180.00
CAB-PAS 400;JUEGO DE CABLES PASACORRIENTE DE 400AMP;3.00;83.00
CAB-PAS 500;JUEGO DE CABLES PASACORRIENTE DE 500AMP;3.00;108.00
CAB-PAS1200;JUEGO DE CABLES PASACORRIENTE DE 1,200AMP;3.00;120.00
CAB-PAS300;JUEGO DE CABLES PASACORRIENTE DE 300AMP;4.00;69.00
CAB-PAS400;JUEGO DE CABLES PASACORRIENTE DE 400AMP;1.00;83.00
CAJ-ANI-EXTE;CAJA DE SEGUROS DE ANILLOS EXTERIOR 9 MEDIDAS 300PCS;5.00;80.00
CAJ-ANI-INTER;CAJA DE SEGUROS DE ANILLOS INTERIOR 18 MEDIDAS 300PCS;1.00;100.00
CAJ-CLIP545;CAJA DE CLIP SURTIDO 545PCS;2.00;115.00
CAJ-FUSESP;CAJA DE FUSIBLES DE ESPIGA  SURTIDO 181 PCS;3.00;120.00
CAJ-ORING-270PCS;CAJA SURTIDA DE O-RING VERDE 270PCS MEDIDA AMERICANA;1.00;70.00
CAJ-ORING-387MM;CAJA SURTIDORA DE O-RING 387PZS MEDIDA MILIMETRICA;2.00;100.00
CAJ-ORING-419MM;CAJA SURTIDORA DE O-RING 419 PCS. MEDIDA MILIOMETRICA;1.00;188.00
CAJ-RESOR;CAJA DE RESORTES SURTIDO 200 PCS;5.00;100.00
CAJ-ROL;CAJA SURTIDO DE ROLDANAS DE COBRE 280 PCS;6.00;230.00
CAJ-SEG;CAJA DE PIN SEGUROS SURTIDO 555 PCS;1.00;120.00
CAJ-TERMI;CAJA DE TERMINALES ELECTRICAS SURTIDO 160 PCS;4.00;120.00
CAJ-TERMI280;CAJA DE TERMINALES ELECTRICAS SURTIDO 280 PCS;2.00;150.00
CAJ-TERMOEN-127;CAJA DE TERMOENCOGIBLE  SURTIDO 127 PCS NEGRO;2.00;30.00
CAJ-TUERCA;CAJA DE TUERCAS  SURTIDO 146 PCS;9.00;100.00
CARG-B;CARGADOR DE BATERIAS CON ACCESORIOS;1.00;450.00
CAT-1041-22RN;CATARINA PARA 22R 1041 35222 NEXG.;10.00;1600.00
CEP-AP;CEPILLO DE ALAMBRE PLASTICO;10.00;18.00
CHO-V;CHORRITO PARABRISA CON LUZ COLOR VERDE;2.00;19.50
CHO-Z;CHORRITO PARABRISA CON LUZ COLOR AZUL;2.00;19.00
CINREF-A/N;CINTA REFLECTIVA COLOR AMARILLO/NEGRO;2.00;400.00
COB-4BC;COMBO 4 BARRAS DE 12CM CON CONTROL;1.00;125.00
COJ-6001;COJINETE 6001;30.00;9.00
COJ-6001-ICBAN;COJINETE 6001 ICBAN;9.00;7.00
COJ-6201-ICBAN;COJINETE 6201 ICBAN;7.00;7.00
COJ-6202;COJINETE 6202;67.00;9.00
COJ-6202KOY;COJINETE 6202 KOY;6.00;20.00
COJ-6301KOY;COJINETE 6301 KOY;19.00;21.00
CONVERT-24A12;CONVERTIDOR DE VOLTAJE 24V A 12V 30AMP;7.00;115.00
CRE-HI06L;CREMALLERA  HI-ACE -06 IZQUIERDA;2.00;95.00
CRE-HI06R;CREMALLERA  HI-ACE -06 DERECHA;10.00;95.00
CRE-WR008R;CREMALLERA TOYOTA RN-85 DERECHA CON ALETA;7.00;68.00
CUER-3000KG;CUERDA REMOLQUE DE 3000KG LARGO 3.80 M;5.00;50.00
CUER-4000KG;CUERDA REMOLQUE DE 4000KG LARGO 3.80 M;1.00;60.00
CUER-5000KG;CUERDA REMOLQUE DE 5000KG LARGO 3.80 M;1.00;75.00
DEP-CHOR;DEPOSITO DE AGUA PARA CHORITOS UNVERSAL CON ACCESORIO;5.00;100.00
E-8230;BOMBA SUMERGIBLE  PARA GASOLINA DELGADA 6 CILINDROS;5.00;150.00
E-8235;BOMBA SUMERGIBLE  PARA GASOLINA GRUESA;6.00;170.00
EMB-U;EMBUDO UNIVERSAL;6.00;15.00
EMP-ESCOR;EMPAQUE DE ESCAPE PARA COROLLA AE100;32.00;6.00
EMPL-RC-A;LAMPARA EMPOTRAR REDONDA CROMADA COLOR AMARILLA;1.00;100.00
EMPL-RH-B;LAMPARA EMPOTRAR REDONDA CON HULE COLOR BLANCO;6.00;80.00
ENC-S/LUZ;ENCENDEDOR PARA CIGARRO COMPLETO;95.00;15.50
ESP-12;ESPARRAGO 1.50 HONDA CIVIC 12mm;50.00;5.50
ESP-C;ESPEJO LATERAL PARA CAMION BLANCO UNID.;12.00;86.00
ESP-C89TLN;KT-2617 ESPEJO CROMADO CON TAPADERA IZQUIERDO TOYOTA 89- NEXGINE;102.00;49.00
ESP-C89TRN;KT-2617 ESPEJO CROMADO CON TAPADERA DERECHO TOYOTA 89- NEXGINE;102.00;49.00
ESPC-COAS-DL;ESPARRAGO COMPLETO COASTER DELANTERIO IZQUIERDO;8.00;45.00
ESPC-COAS-DR;ESPARRAGO COMPLETO COASTER DELANTERO DERECHO;9.00;45.00
ESPC-COAS-TL;ESPARRAGO COMPLETO COASTER TRASERO IZQUIERDO;10.00;45.00
ESPC-COAS-TR;ESPARRAGO COMPLETO COASTER TRASERO DERECHO;10.00;45.00
ESP-CRV;ESPARRAGO 1.50 HONDA CR-V 12.37MM JAPON;102.00;7.00
ESP-N89TLN;KT-2617  ESPEJO NEGRO CON TAPADERA IZQUIERDO TOYOTA 89- NEXGINE;95.00;35.00
ESP-N89TR;ESPEJO NEGRO CON TAPADERA TOYOTA 89- R;4.00;45.00
ESP-N89TRN;KT-2617 ESPEJO NEGRO CON TAPADERA  DERECHO TOYOTA 89- NEXGINE;97.00;35.00
ESP-PC-R;ESPEJOS PATA CORTA DERECHO;2.00;25.00
ESP-T14MMJ;ESPARRAGO PARA TOYOTA 2WD 14MM JAPON;222.00;6.00
F250A;TERMINAL ELECTRICA HEMBRA AMBAR;200.00;0.37
F-260-A;TERMINAL ELECTRICA HEMBRA AMARIILLA GRANDE;100.00;0.82
F-30D;FAJA F-30 DENTADA;30.00;21.00
F-31D;FAJA F-31 DENTADA;33.00;22.00
F-34D;FAJA F-34 DENTADA;5.00;24.00
F-34L;FAJA F-34 LISA;10.00;13.00
F-35D;FAJA F 35 DENTADA;8.00;24.00
F-36D;FAJA F-36 DENTADA;20.00;25.00
F-37D;FAJAS 37 DENTADAS;7.00;26.00
F-38D;FAJA F-38 DENTADA;7.00;27.00
F-39D;FAJA F-39 DENTADA;12.00;28.00
F-40D;FAJA F-40 DENTADA;6.00;28.00
F-40L;FAJA F-40 LISA;10.00;15.00
F-41D;FAJA F-41 DENTADA;10.00;29.00
F-42D;FAJA F-42 DENTADA;9.00;30.00
F-43D;FAJA F-43 DENTADA;5.00;30.00
F-44D;FAJA F-44 DENTADA;12.00;32.00
F-45;FAJA F-45 DENTADA;3.00;32.00
F-46D;FAJA F-46 DENTADA;15.00;32.00
F-47D;FAJA F-47 DENTADA;9.00;33.00
F-48D;FAJA F-48 DENTADA;13.00;33.00
F-48L;FAJA F-48 LISA;10.00;18.00
F-49D;FAJA F-49 DENTADA;15.00;34.00
F-50D;FAJA F-50 DENTADA;7.00;35.00
F-52D;FAJA F-52 DENTADA;3.00;38.00
F-53D;FAJA F 53 DENTADA;10.00;35.00
F-54D;FAJA F 54 DENTADA;10.00;37.00
F-55D;FAJA F 55 DENTADA;10.00;37.00
FG-4194;FILTRO DE GASOLINA PARA NISSAN PICKUP GRUEZO;18.00;26.00
FG-4777;FILTRO DE GASOLINA NISSAN SENTRA;4.00;23.00
FG-6040;FILTRO DE GAS 7612=6040=6044 TOYOTA COROLLA;19.00;35.00
FG-6680;FILTRO DE GASOLINA PARA TOYOTA V6;11.00;35.00
FG-REC;FILTRO GAS. PLASTICO RECTO 5/16 TRANS G1;320.00;6.50
FH-100AMP;FUSUBLE HEMBRA 100AMP;36.00;6.00
FH-50AMP;FUSUBLE HEMBRA 50AMP;23.00;6.00
FH-60AMP;FUSUBLE HEMBRA 60AMP;1.00;6.00
FH-80AMP;FUSUBLE HEMBRA 80AMP;62.00;6.00
FH-PEQ80A;FUSIBLE HEMBRA PEQUEÑO DE 80 AMPERIOS;6.00;5.00
FLA-22070;FLASHER TOY HI-LUX VERDE;6.00;15.00
FLA-552;FLASHER UNIVERSAL ALUMINIO CORTO DE 2 ESPIGAS;31.00;7.50
FLA-EL2;FLASHER ELECTRONICO DE 12V 2 ESPIGAS;11.00;24.00
FLA-EL3;FLASHER ELECTRONICO DE 12V 3 ESPIGAS;8.00;25.00
FLOTE-22R84;FLOTE DE TANQUE 22R 84-88;35.00;100.00
FLOTE-22R84N;FL-35120 FLOTE DE TANQUE 22R 84-88 NEXG.;242.00;80.00
FLOTE-22R89N;FL-89110 FLOTE DE TANQUE 22R 89-95 NEXG.;232.00;80.00
FM-100AMP;FUSIBLE MACHO 100AMP;10.00;6.00
FM-120AMP;FUSIBLE MACHO 120AMP;17.00;6.00
FM-20AMP;FUSIBLE MACHO 20AMP;63.00;6.00
FM-30AMP;FUSIBLE MACHO 30AMP;51.00;6.00
FM-40AMP;FUSIBLE MACHO 40AMP;107.00;6.00
FM-50AMP;FUSIBLE MACHO 50AMP;62.00;6.00
FM-60AMP;FUSIBLE MACHO 60AMP;46.00;6.00
FP47-13-220A;MANGUERA PASO DE AIRE MAZDA PROTEGE,323 MOTOR 2.0;1.00;160.00
FUS-10A;FUSIBLE DE ESPIGA 10AMP;200.00;0.41
FUS-15A;FUSIBLE DE ESPIGA 15AMP;1000.00;0.41
FUS-20A;FUSIBLE DE ESPIGA 20AMP;1200.00;0.41
FUS-25A;FUSIBLE DE ESPIGA 25AMP;800.00;0.41
FUS-30A;FUSIBLE DE ESPIGA 30AMP;700.00;0.41
FUS-35A;FUSIBLE DE ESPIGA 35AMP;200.00;0.41
FUS-ESPMAX-30A;FUSIBLE DE ESPIGA MAXI DE 30 AMPERIOS;25.00;4.00
FUS-ESPMAXI-100A;FUSIBLE DE ESPIGA MAXI DE 100 AMPERIOS;27.00;4.00
FUS-ESPMAXI-40A;FUSIBLE DE ESPIGA MAXI DE 40 AMPERIOS;12.00;4.00
FUS-ESPMAXI-50A;FUSIBLE DE ESPIGA MAXI DE 50 AMPERIOS;17.00;4.00
FUS-ESPMAXI-60A;FUSIBLE DE ESPIGA MAXI DE 60 AMPERIOS;17.00;4.00
FUS-ESPMAXI-80A;FUSIBLE DE ESPIGA MAXI DE 80 AMPERIOS;17.00;4.00
FUS-MINESP20;FUSIBLE DE ESPIGA MINI 20AMP;200.00;0.44
FUS-MINESP25;FUSIBLE DE ESPIGA MINI 25AMP;200.00;0.45
FUS-MINESP35;FUSIBLE MINI DE ESPIGA 35AMP;100.00;0.33
FUS-SM25;FUSIBLE DE ESPIGA SUPER MINI 25AMP;200.00;0.95
FUS-V15AMP;FUSIBLE DE VIDRIO DE 15AMP;300.00;0.47
FUS-V20AMP;FUSIBLE DE VIDRIO DE  20AMP;200.00;0.47
FUS-VID10AMP;FUSIBLE VIDRIO 10AMP;400.00;0.47
FUS-VID20;FUSIBLE VIDRIO DE 20AMP;20.00;0.41
FUS-VID35;FUSIBLE DE VIDRIO 35AMP;500.00;0.39
GRAS-10MM-C;GRASERA 10MM A 45 GRADOS;135.00;4.00
GRAS-10MM-R;GRASERA 10MM RECTA;42.00;2.00
GRAS-6MM-C;GRASERA 6MM 45GRADOS;215.00;3.00
GRAS-6MM-R;GRASERA 6MM RECTA;281.00;2.00
GRAS-8MM-R;GRASERA 8MM RECTA;118.00;2.00
GUAR-D4WDTOY;GUARDAFANGO DEL CAUCHO LETRAS TOYOTA 4WD KIT;10.00;60.00
GUARS-TOYD;GUARDAFANGO 2WD TOYOTA DELANTERO;1.00;35.00
GUAR-T4WDTOY;GUARDAFANGO TRAS. CAUCHO LETRAS TOYOTA 4WD KIT;6.00;60.00
GUT-21;CRUZ TRANSMISION 22R;60.00;50.00
GUT-21ICH;CRUZ TRANSMISION 22R ICHIBAN;1.00;50.00
GUT-21N;CRUZ TRANSMISION 22R;20.00;50.00
H-6014L-720;SILVIN REDONDO LED GRANDE #720;1.00;180.00
H-6052EUB;KIT DE SILVIN CUADRADO GRANDE EURO BOMBILLA CAMBIABLE B;10.00;155.00
H-6054-12VN;SILVIN CUADRADO HALOGENO GRANDE 12V NORMAL NEXG.;1146.00;55.00
HID-9005 10K;KIT BOMBILLA XENON 10000 K;1.00;476.00
H-P4652EUZ;KIT DE SILVIN EURO PEQUEÑO BOMBILLA CAMBIABLE AZUL;3.00;118.80
KITCOP-40PZS;KIT DE COPAS 40 PZS CON RATCH;16.00;55.00
KITDES-6PZS;KIT DESARMADORES 6 PCZ (3PLANOS 3 EN CLRUZ);18.00;50.00
KIT-INST;KIT DE INSTALACION;26.00;70.00
KIT-LAMP-U3LED;KIT LAMPARA UNIVERSAL TRASERA DE 3 COLORES LED;3.00;240.00
LAMP-1PUL-R;"LAMPARITA REDONDA DE 1"" COLOR ROJO";1.00;15.00
LAMP-EMPB;LAMPARA EMPOTRAR METAL COLOR BLANCO;6.00;23.00
LAMP-EMPHB;LAMPARA EMPROTRAR PARA CAMION DE HULE BLANCO;1.00;30.00
LAMP-PAN-A;LAMPARA DOS BOMBILLAS PANITO AMARILLO;100.00;8.00
LAMP-PAN-R;LAMPARA DOS BOMBILLAS PANITO ROJO;64.00;8.00
LAMP-U3;LAMPARA UNIVERSAL 3 COLORES;16.00;63.00
LED-1034;LED 1034 COLORES AZUL,BLANCO Y ROJO;4.00;25.00
LED-1073;LED 1073 COLORES AZUL,BLANCA Y AMARILLA;1.00;25.00
LED-3157;BOMBILLA DOS CONTACTOS CLARA HULE Y PLASTICO;62.00;40.00
LED-9004J;LED 9004 JUEGO PARA CARRO;5.00;100.00
LED-9005J;LED 9005 JUEGO PARA CARRO #387;5.00;100.00
LED-9005J-B/A;LED 9005 JUEGO CARRO/MOTO BLANCO/AMARILLO;3.00;190.00
LED-9006J;LED 9006 JUEGO PARA CARRO #388;5.00;100.00
LED-H11J-B/A;LED H11 JUEGO CARRO/MOTO BLANCO/AMARILLO;1.00;190.00
LED-H1J-B/A;LED H1 JUEGO CARRO/MOTO BLANCO/AMARILLO;2.00;190.00
LED-H3J-B/A;LED H3 JUEGO CARRO/MOTO BLANCO/AMARILLO;4.00;190.00
LED-H4J;LED H4 JUEGO PARA CARRO/MOTO;10.00;100.00
LED-H7J;LED H7 JUEGO PARA CARRO;3.00;100.00
LED-SP9005;LED PARA CARRO 9005 SPIDER;1.00;170.00
LED-SPH13;LED PARA CARRO H13 SPIDER;1.00;170.00
LF-CUAD;LAMPARA LED ALTA INTESIDAD 4 1/2 27W CUADRADA;1.00;60.00
LF-CUA-MED;LAMPARA LED ALTA INTESIDAD 4 CUADRADA CON LUZ MEDIA;10.00;65.00
LF-RED;LAMPARA LED ALTA INTESIDAD 4 1/2 27W REDONDA;2.00;60.00
LF-RED-MED;LAMPARA LED ALTA INTESIDAD 4 REDONDA CON LUZ MEDIA;4.00;65.00
LLAV-17MM;LLAVE DE COLA CORONA 17MM;8.00;12.50
LLAV-18MM;LLAVE DE COLA CORONA 18MM;6.00;12.80
LLAV-6MM;LLAVE DE COLA CORONA 6MM;4.00;3.90
LLAV-SEG;LLAVE PARA TUERCA DE SEGURIDAD;29.00;9.00
LLAV-SF-C12;"LLAVE SACA FILTRO DE CADENA MEDIA 12""";2.00;45.00
M250A;TERMINAL ELECTRICA MACHO AMBAR;1100.00;0.36
MANE-1100;MANECILLA COMPUERTA TOYOTA 22R 84-88 NEGRO;43.00;39.00
MANE-1200;MANECILLA COMPUERTA TOYOTA 22R 89-95 NEGRO;42.00;39.00
MANE-1200C;MANECILLA COMPUERTA TOYOTA 22R 89-95 CROMADO;4.00;74.00
MANE-TOYZ;MANECILLA SUBIR VIDRIO CENTRO DE METAL COLOR AZUL;15.00;9.00
MARC-BU;MARCO PARA BATERIA UNIVERSAL AJUSTABLE;25.00;24.00
MB295330N;BOMBA CENTRAL FRENO CANTER 86-90;32.00;298.00
MC894211N;BOMBA CENTRAL  FRENO 1 3/16 CANTER 95-;28.00;278.00
MF-DM200;PASTILLA PARA DM200 (CUADRADA);1.00;9.00
MGR-1/4;METRO DE MANGUERA PARA GASOLINA REFORZADA 1/4;90.00;23.80
MGR-3/8;METRO DE MANGUERA DE GASOLINA  3/8;66.00;28.70
MGR-5/16;METRO DE MANGUERA PARA GASOLINA REFORZADA 5/16;710.00;25.40
NC-121N;CONTACTO DE STARTER TOYOTA GASOLINA;725.00;4.50
NC-123-DN;CONTACTO COBRE ESTARTER TOYOTA,ISUZU DISSEL;407.00;4.50
NC-124-L;CONTACTO DE STARTER IZQUIERDO;10.00;5.00
NEB-209B;NEBLINERA OVALADA LARGA DE METAL;2.00;78.00
NEB-312Z;"NEBLINERA REDONDA 6"" TIPO BOSH AZUL";12.00;55.00
NEB-315Z;"LAMP HALOGENA PLASTICA REDONDA S/W 7""";3.00;68.40
PIN-BOC;PIN DE BOCINA;79.00;6.50
PLAC-E-B;PLACA ECONIMICAS COLOR BLANCO;65.00;50.00
PLAC-F/PL-ROS;PLACA FINA PROTECTOR LARGA ROSADO;1.00;100.00
PLAC-L2-B;PLACA  LED DOBLE COLOR BLANCO;4.00;90.00
PLAC-L2-V;PLACA  LED DOBLE COLOR VERDE;9.00;90.00
PLUG-STAR-D;PLUNGER DE STARTER TOYOTA GASOLINA DELGADO;8.00;39.00
PLUM-16;"PLUMILLA 16"" DE METAL EN BLISTER";60.00;16.00
PLUM-BGY;PLUMILLAS GOOD YEAR DE BANANA;11.00;50.00
"PLUM-TBA-19""";PLUMILLA TIPO BANANA DE 19 PULGADAS;1.00;22.00
"PLUM-TBA-24""";PLUMILLA TIPO BANANA DE 24 PULGADAS;1.00;21.00
"PLUM-TBA-26""";PLUMILLA TIPO BANANA DE 26 PULGADAS;10.00;21.00
PORT-CF;PORTA PLACA PARA CARRO LOGOTIPO FORD PAR;5.00;26.50
PORT-CHON-3D;PORTA PLACA DE CARRO HONDA  3D 2PZS;16.00;34.00
PORT-CHY;PORTA PLACA PARA CARRO LOGOTIPO HYUNDAI PAR;6.00;26.00
PORT-CHYU-3D;PORTA PLACA DE CARRO HYUNDAI 3D 2PZS;7.00;34.00
PORT-CI;PORTA PLACA PARA CARRO LOGOTIPO ISUZU PAR;4.00;26.00
PORT-CKIA-3D;PORTA PLACA DE CARRO KIA 3D 2PZS;7.00;34.00
PORT-CMAZ-3D;PORTA PLACA DE CARRO MAZDA  3D 2PZS;1.00;34.00
PORT-CMI-3D;PORTA PLACA DE CARRO MITSUBISHI  3D 2PZS;1.00;34.00
PORT-CN;PORTA PLACA PARA CARRO LOGOTIPO NISSAN PAR;9.00;27.00
PORT-CNISS-3D;PORTA PLACA DE CARRO NISSAN  3D 2PZS;7.00;34.00
PORT-CS;PORTA PLACA PARA CARRO LOGOTIPO SUZUKI PAR;16.00;26.00
PORT-FEC;PORTA FUSIBLE PARA FUSIBLE DE ESPIGA CERAMICO;6.00;6.00
PORT-FEPG;PORTAFUSIBLE DE ESPIGA CALIBRE 14;1329.00;5.00
PORT-FV;PORTA FUSIBLE PARA FUSIBLE DE VIDRIO;175.00;3.00
PROT-PUER;PROTECTOR DE PUERTA;34.00;13.00
RAD-22R-ALUM;RADIADOR TOY 22R 84-95 FULL ALUMINIO;5.00;925.00
REG-L79000HD;REGULADOR 12V FORD 75-05;2.00;78.00
REL-5ESP;RELAY 5 ESPIGAS PARA LUCES Y BOCINA;43.00;15.00
REL-ALRED;RELAY DE ALTERNADOR 27060-35060 REDONDO;7.00;115.00
REL-AMP;RELOJ INDICADOR DE AMPERIOS 60/60;6.00;16.00
REL-TEMP;"RELOJ MEDIDOR DE TEMPERATURA 280""";5.00;61.00
SB-2471N;ROTULA SUP TOY 2WD R/L 83- 43350-39035;111.00;93.00
SB-2472N;ROTULA INF TOY 2WD R/L  83- 43330-39165;106.00;98.00
SB-2721N;ROTULA SUP TOY 4WD R/L 85- 43350-39045;210.00;89.00
SB-2722N;ROTULA  R/L INFERIOR HILUK 4WD 85- 43330-39195 NEXG.;60.00;98.00
SB-2832N;ROTULA HILUX  INF 2WD R/L 89-95 43330-39295;44.00;98.00
SB-2852N;ROTULA INF TOY 4WD R/L 89-;32.00;98.00
SC-2477;VARILLA CENTRAL 22R 83-;33.00;245.00
SC-2477N;VARILLA CENTRAL DIREC. 22R 83- 45450-39145;69.00;245.00
SE-2471;CABEZAL R/L EXT TOY 4WD 83-88 2WD;75.00;55.00
SE-2471N;CABEZAL R/L EXT TOY 4WD 83-88 2WD;139.00;55.00
SE-2472;CABEZAL R/L INT TOY 2WD 79-90;12.00;65.00
SE-2472N;CABEZAL R/L INT TOY 2WD 79-90;58.00;65.00
SE-2852N;CABEZAL R/L INT TOY 4WD 85-;80.00;70.00
SH-41287;MANGUERA FRENO 470MM H/H;3.00;50.00
SH-51317;MANGUERA DE FRENO NISSAN H/EX;4.00;102.00
SI-2475N;IDLER ARM TOYOTA 22R 2WD 83-87 SI-2475/45490-35140;94.00;145.00
SI-2725N;IDLER ARM TOYOTA 22R 4WD SI-2725/45490-39245;78.00;190.00
SI-2835N;IDLER ARM TOYOTA 22R  2WD 88-  45490-39315;38.00;150.00
SL-3790LN;CABEZAL ESTABILIZADOR  TACOMA 4WD 01-04 DEL. IZQ. SL-3790L /48810-04010;48.00;70.00
SL-3790RN;CABEZAL ESTABILIZADOR TACOMA 4WD DEL. DER. SL-3790R / 48820-04020 / -35040;46.00;70.00
SL-3920N;CABEZAL ESTABILIZADOR RAV4 01-05 DEL. R/L SL-3920 / 48820-42020;2.00;75.00
SL-3925LN;CABEZAL ESTABILIZADOR RAV4 01-05 TRAS. IZQ SL-3925L / 48840-42010;74.00;60.00
SL-3925RN;CABEZAL ESTABILIZADOR RAV4 01-05 TRAS DER. SL-3925R/48830-42010;74.00;60.00
SL-6270LN;CABEZAL ESTABILIZADOR DELANTERO IZQ. CIVIC 96-00,CR-V 02-06,ELEMENT 04-11 51321-S5A-A01/SL6270L NEXG;55.00;50.00
SL-6270RN;CABEZAL ESTABILIZADOR DELANTERO DER. CIVIC01-05,CR-V 02-06,ELEMENT 04-11 51320-S5A-A01/SL-6270R NEXG;59.00;50.00
SL-6275LN;CABEZAL ESTABILIZADOR TRASERO IZQ. CR-V 02-06 52321-S9A-003/SL6275LN NEXG.;82.00;55.00
SL-6275RN;CABEZAL ESTABILIZADOR TRASERO DER. CR-V 02-06 52320-S9A-003/SL-6275R NEXG.;89.00;55.00
SL-7875;CABEZAL MIT LANCER TRAS R/L 02-07;2.00;89.00
SL-H025LN;CABEZAL ESTABILIZADOR TRASERO IZQ. CR-V 07-16 52321-SWA-A01/SL-H025L NEXG.;64.00;65.00
SL-H025RN;CABEZAL ESTABILIZADOR TRASERO DER. CR-V 07-16 52320-SWA-A01/SLH025R NEXG.;64.00;65.00
SOK-158H;SOCKET PARA BOMBILLA 158 PESCADITO;166.00;2.50
SOK-158HN;SOCKET PARA BOMBILLA 158 PESCADITO;1847.00;2.50
SOK-3156;SOCKET BOMBILLA 3156;8.00;18.00
SOK-3157;SOCKET BOMBILLA 3157;1.00;19.00
SOK-5C;SOCKET PARA RELAY 5 ESPIGAS UNIVERSAL CERAMICA;1771.00;5.50
SOK-9004C;SOKET DE BOMBILLA 9004 CERAMICO;6.00;7.00
SOK-9005C;SOKET PARA BOMBILLA 9005 CERAMICO;10.00;6.00
SOK-ALOVLN;SOKET PARA ALTERNADOR 27060-35160 OVALADO;1375.00;14.00
SOK-ALRED;SOKET PARA ALTERNADOR 27060-35060 REDONDO;2.00;14.00
SOK-ALREDN;SOKET PARA ALTERNADOR 27060-35060 REDONDO;737.00;14.00
SOK-H11;SOCKET PARA LA BOMBILLA DE LA H11;4.00;10.00
SOK-H4SC;SOCKET PARA SILVIN Y BOMBILLA H4 CERAMICA;1090.00;4.50
SOK-H7C;SOCKET PARA BOMBILLA H7 CERAMICA;6.00;4.00
SOK-HYM;CONECTOR 6 PINES HEMBRA/MACHO;36.00;12.00
SOK-M1;SOCKET 1 CONTACTO DE METAL;87.00;2.00
SOK-M2;SOCKET 2 CONTACTOS DE METAL;42.00;2.00
SOK-P2;SOCKET PLASTICO 2 CONTACTOS PARA LAMPARA;25.00;3.00
SOK-T20-1;SOCKET BOMBILLA T20 1 CONTACTO;16.00;10.00
SOK-T20-2;SOCKET BOMBILLA T20 2 CONTACTOS;16.00;10.00
SR-1650N;PUNTA DE CREMALLERA MAZDA 3 03-13,MAZDA 5 06-15 R/L SR-1650/BP4L-32-240;80.00;70.00
SR-2800N;PUNTA DE CREMALLERA COROLLA 89-91 SR-2800 /45503-19125;84.00;65.00
SR-3560N;PUNTA DE CREMALLERA TACOMA 4WD, RUNNER,HILUX 96- R/L SR-3560/45503-39075;42.00;85.00
SR-3610N;PUNTA DE CREMALLERA TACOMA 2WD 95-04 R/L SR-3610/45503-39066;77.00;70.00
SR-3680N;PUNTA DE CREMALLERA TOY HIACE 5L 95-04  R/L SR-3680/45503-29665;85.00;68.00
SR-3840N;PUNTA DE CREMALLERA 4 RUNNER 02- R/L SR-3840/45503-39265;72.00;70.00
SR-3920N;PUNTA DE CREMALLERA TOYOTA RAV4 00-05 R/L SR-3920/45503-49055;90.00;68.00
SR-3970N;PUNTA DE CREMALLERA  TOY HIACE 2KD 05-20 R/L SR-3970/45503-29836;83.00;65.00
SR-6220N;PUNTA DE CREMALLERA CR-V 95-01 SR-6220/53010-S10-000;76.00;58.00
SR-T330N;PUNTA DE CREMALLERA TACOMA 4WD 05-08 R/L  SR-T330 / 45503-09490/09480;72.00;70.00
SR-T370N;PUNTA DE CREMALLERA TOYOTA COROLLA 08- TRAS. R/L SR-T370/45503-02150;29.00;74.00
SW-2TOR;SWICH 1 TIMPO PALANCA METAL 2 TORNILLOS;59.00;10.00
SW-3TOR;SWICHT PALANQUITA DE METAL 3 TORNILLOS;69.00;10.00
SW-ALAR;"SWITCH PARA ALARMA 28""";11.00;9.00
SW-C/LUZ-Z;SWITCH REDONDO CON LUZ AZUL;1.00;6.00
SW-INT6T;SWITCH UNIVERSAL DE LUCES INTERMITENTES 6 TERMINALES;13.00;29.00
SW-PIE;SWICHT DE PIE;18.00;25.00
SW-VENT;SWICHT DE VENTANA;13.00;16.00
TA-5;TERMINAL ELECTRICA ARGOLLA 3/16 AMARILLA;3194.00;0.60
TA-6;TERMINAL ELECTRICA ARGOLLA 1/4 AMARILLA;1100.00;0.65
TAL-212-1914L;TALCO TRASERA 22R IZQUIERDA 84-89;21.00;27.00
TAL-212-1914LN;TALCO TRASERA 22R IZQUIERDA 84-89 NEXG.;232.00;25.00
TAL-212-1914RN;TALCO TRASERA 22R DERECHA 84-89 NEXG.;218.00;25.00
TAL-212-1945L;TALCO TRASERA 22R IZQUIERDA  89-95;4.00;29.00
TAL-212-1945LN;TALCO TRASERA 22R IZQUIERDA  89-95 NEXG.;40.00;26.00
TAL-212-1945RN;TALCO TRASERA 22R DERECHA  89-95;42.00;26.00
TAP-R/S;TAPON PARA GAS ROSCADO S/LLAVE;23.00;21.00
TAP-RG-13LBS;TAPON PARA RADIADOR GRANDE 13LBS;20.00;26.00
TAP-RG-9LBS;TAPON PARA RADIADOR GRANDE 9LBS;20.00;25.00
TAP-RP-13LBS;TAPON PARA RADIADOR PEQUEÑO 13LBS;11.00;25.00
TAP-RP-13LBS/V-Z;TAPON PARA RADIADOR PEQUEÑO 13LBS CON VALVULA AZUL;11.00;25.00
TAP-RP-16LBS/V 1.1-Z;TAPON PARA RADIADOR PEQUEÑO 16LBS CON VALVULA 1.1 AZUL;18.00;25.00
TAP-RP-9LBS;TAPON PARA RADIADOR PEQUEÑO 9LBS;29.00;25.00
TER-PLO;TERMINAL DE PLOMO PARA SERVICIO LIVIANO;570.00;7.80
TER-PLOMA;TERMINAL DE PLOMO PARA SERVICIO PESADO DE MARIPOSA;33.00;13.50
TEST-D;TESTER TIPO DESARMADOR;13.00;18.00
TOR-8;TORNILLO ESTABILIZADOR DE 8;2.00;31.00
TOR-SIL-UNI;TORNILLO DE SILVIN UNIVERSAL;67.00;5.00
TS-1/2;TERMINAL STARTER DE 1/2 COBRE;106.00;7.00
TS-3/4;TERMINAL STARTER DE 3/4 COBRE;132.00;12.00
TS-3/8;TERMINAL STARTER DE 3/8 COBRE;114.00;5.00
TS-5/16;TERMINAL STARTER 5/16 COBRE;130.00;4.00
TS-5/8;TERMINAL STARTER DE 5/8 COBRE;146.00;9.00
TUB-F30;TUBO DE FRENO MILIMETRICO 30;23.00;24.00
TUER1.50-BLOXN;TUERCA DE 1.50 BLOX COLOR NEGRAS CAJA DE 20UNID.;1.00;200.00
TUER1.50-BLOXR;TUERCA DE 1.50 BLOX CAJA DE 20UNID.;1.00;200.00
TUER-10-1.25;TUERCA CROMADA CONVENCIONAL  1.25;443.00;4.70
TUER-10-1.50;TUERCA CROMADA CONVENCIONAL  1.50;195.00;4.70
TUER-13-1.50;TUERCA CROMADA MAGNESIO CORTA 1.50;16.00;8.00
TUER-14-1.50;TUERCA CROMADA MAGNESIO LARGA 1.50;85.00;9.50
TUER-19MM1.25;TUERCA CROMADA 19mm 1.25;164.00;5.00
TUER-19MM1.50;TUERCA CROMADO 19mm1.50;75.00;5.00
TUER-9-1.25;TUERCA CROMADA CORTA 1.25;55.00;4.60
TUER-9-1.50;TUERCA CROMADA CORTA 1.50;100.00;5.00
TUER-C1.50;TUERCA CORRIENTE 1.50;335.00;2.70
TUER-C1.50JAP;TUERCA CORRIENTE 1.50 JAPON;31.00;3.70
TUER-SEG 1.25;TUERCA CROMADO DE SEGURIDAD 1.25;45.00;4.50
TUER-SEG 1.50;TUERCA CROMADO DE SEGURIDAD 1.50;3.00;4.50
TUER-SEG1.25;TUERCA CROMADO DE SEGURIDAD 1.25;177.00;4.50
UB39-43-800N;"BOSTER MAZDA B2200 85-89 DE 8 1/2"" NEXG.";13.00;335.00
UR79-43-400N;BOMBA CENTRAL FRENO 1 MAZDA BT-50 pro 06-10;23.00;270.00
ZM01-13-220;MANGUERA DE PASO DE AIRE MAZDA PROTEGE;1.00;90.00
